generation,status,fitness,games,wins,draws,port_wins,win_rate,avg_turns,avg_assets,avg_opponent_assets,shipyard_started_rate,shipyard_completed_rate,fort_started_rate,fort_completed_rate,trade_guild_started_rate,trade_guild_completed_rate,guard_captain_rate,avg_guard_captains,trade_weight,raid_weight,guard_weight,fire_weight,convoy_bias,ship_bias,shipyard_bias,fort_bias,trade_guild_bias,guard_captain_bias,fire_plans_bias,construction_idle_bias,build_priority
0,initial,-70193,1200,219,2,132,0.182500,9.603333,17.108333,62.919167,0.232500,0.188333,0.333333,0.194167,0.181667,0.101667,0.957500,3.138333,2.056465,3.880366,2.114176,1.283839,0.843924,0.447665,0.661621,0.430563,0.141945,0.805065,0.983723,0.864699,guard_captain|fort|shipyard
1,learned,-66800,1200,227,0,115,0.189167,9.653333,17.141667,60.729167,0.229167,0.193333,0.300000,0.165833,0.249167,0.143333,0.949167,3.060833,2.157631,3.950414,2.154456,1.198271,0.779867,0.389404,0.716248,0.333301,0.214571,0.789929,0.987792,0.893843,guard_captain|fort|shipyard
2,kept,-66800,1200,227,0,115,0.189167,9.653333,17.141667,60.729167,0.229167,0.193333,0.300000,0.165833,0.249167,0.143333,0.949167,3.060833,2.157631,3.950414,2.154456,1.198271,0.779867,0.389404,0.716248,0.333301,0.214571,0.789929,0.987792,0.893843,guard_captain|fort|shipyard
3,kept,-66800,1200,227,0,115,0.189167,9.653333,17.141667,60.729167,0.229167,0.193333,0.300000,0.165833,0.249167,0.143333,0.949167,3.060833,2.157631,3.950414,2.154456,1.198271,0.779867,0.389404,0.716248,0.333301,0.214571,0.789929,0.987792,0.893843,guard_captain|fort|shipyard
4,learned,-62648,1200,242,1,145,0.201667,9.555833,18.173333,60.484167,0.247500,0.210000,0.323333,0.174167,0.257500,0.116667,0.949167,3.099167,2.025931,4.073151,2.251713,1.204376,0.834901,0.438272,0.594059,0.361922,0.196863,0.812693,0.990844,0.796985,guard_captain|fort|shipyard
5,learned,-60274,1200,252,1,143,0.210000,9.700833,18.643333,60.117500,0.232500,0.196667,0.379167,0.205833,0.249167,0.121667,0.917500,2.824167,1.941259,4.131251,2.190728,1.115890,0.809930,0.575425,0.594917,0.473263,0.211609,0.679798,0.905462,0.685858,guard_captain|fort|shipyard
6,kept,-60274,1200,252,1,143,0.210000,9.700833,18.643333,60.117500,0.232500,0.196667,0.379167,0.205833,0.249167,0.121667,0.917500,2.824167,1.941259,4.131251,2.190728,1.115890,0.809930,0.575425,0.594917,0.473263,0.211609,0.679798,0.905462,0.685858,guard_captain|fort|shipyard
7,kept,-60274,1200,252,1,143,0.210000,9.700833,18.643333,60.117500,0.232500,0.196667,0.379167,0.205833,0.249167,0.121667,0.917500,2.824167,1.941259,4.131251,2.190728,1.115890,0.809930,0.575425,0.594917,0.473263,0.211609,0.679798,0.905462,0.685858,guard_captain|fort|shipyard
8,kept,-60274,1200,252,1,143,0.210000,9.700833,18.643333,60.117500,0.232500,0.196667,0.379167,0.205833,0.249167,0.121667,0.917500,2.824167,1.941259,4.131251,2.190728,1.115890,0.809930,0.575425,0.594917,0.473263,0.211609,0.679798,0.905462,0.685858,guard_captain|fort|shipyard
9,learned,-51378,1200,275,1,160,0.229167,9.845833,20.207500,57.164167,0.276667,0.232500,0.425000,0.229167,0.224167,0.120000,0.875833,2.444167,1.860135,4.199425,2.121313,1.067833,0.754025,0.450309,0.608864,0.461669,0.158707,0.533126,0.850142,0.764394,guard_captain|fort|shipyard
10,kept,-51378,1200,275,1,160,0.229167,9.845833,20.207500,57.164167,0.276667,0.232500,0.425000,0.229167,0.224167,0.120000,0.875833,2.444167,1.860135,4.199425,2.121313,1.067833,0.754025,0.450309,0.608864,0.461669,0.158707,0.533126,0.850142,0.764394,guard_captain|fort|shipyard
11,kept,-51378,1200,275,1,160,0.229167,9.845833,20.207500,57.164167,0.276667,0.232500,0.425000,0.229167,0.224167,0.120000,0.875833,2.444167,1.860135,4.199425,2.121313,1.067833,0.754025,0.450309,0.608864,0.461669,0.158707,0.533126,0.850142,0.764394,guard_captain|fort|shipyard
12,kept,-51378,1200,275,1,160,0.229167,9.845833,20.207500,57.164167,0.276667,0.232500,0.425000,0.229167,0.224167,0.120000,0.875833,2.444167,1.860135,4.199425,2.121313,1.067833,0.754025,0.450309,0.608864,0.461669,0.158707,0.533126,0.850142,0.764394,guard_captain|fort|shipyard
13,learned,-50302,1200,277,1,174,0.230833,10.015000,20.586667,57.055000,0.268333,0.222500,0.401667,0.220000,0.317500,0.136667,0.831667,2.225000,1.812053,4.325934,2.011164,1.129012,0.691148,0.422951,0.677106,0.496161,0.119030,0.497558,0.750284,0.627780,trade_guild|guard_captain|fort|shipyard
14,learned,-42465,1200,302,2,180,0.251667,10.085000,20.624167,53.611667,0.290833,0.239167,0.364167,0.167500,0.254167,0.120833,0.890833,2.527500,1.929044,4.204300,1.928155,1.050868,0.629381,0.326158,0.597735,0.379508,0.089272,0.560792,0.704170,0.531063,trade_guild|guard_captain|fort|shipyard
15,kept,-42465,1200,302,2,180,0.251667,10.085000,20.624167,53.611667,0.290833,0.239167,0.364167,0.167500,0.254167,0.120833,0.890833,2.527500,1.929044,4.204300,1.928155,1.050868,0.629381,0.326158,0.597735,0.379508,0.089272,0.560792,0.704170,0.531063,trade_guild|guard_captain|fort|shipyard
16,kept,-42465,1200,302,2,180,0.251667,10.085000,20.624167,53.611667,0.290833,0.239167,0.364167,0.167500,0.254167,0.120833,0.890833,2.527500,1.929044,4.204300,1.928155,1.050868,0.629381,0.326158,0.597735,0.379508,0.089272,0.560792,0.704170,0.531063,trade_guild|guard_captain|fort|shipyard
17,kept,-42465,1200,302,2,180,0.251667,10.085000,20.624167,53.611667,0.290833,0.239167,0.364167,0.167500,0.254167,0.120833,0.890833,2.527500,1.929044,4.204300,1.928155,1.050868,0.629381,0.326158,0.597735,0.379508,0.089272,0.560792,0.704170,0.531063,trade_guild|guard_captain|fort|shipyard
18,learned,-31586,1200,348,1,206,0.290000,10.453333,21.790833,51.345833,0.315000,0.276667,0.345833,0.160000,0.210000,0.084167,0.878333,2.411667,1.934140,4.195440,1.915803,1.026659,0.513990,0.432294,0.561683,0.310359,0.066954,0.472563,0.597068,0.508928,trade_guild|guard_captain|fort|shipyard|fire_plans
19,kept,-31586,1200,348,1,206,0.290000,10.453333,21.790833,51.345833,0.315000,0.276667,0.345833,0.160000,0.210000,0.084167,0.878333,2.411667,1.934140,4.195440,1.915803,1.026659,0.513990,0.432294,0.561683,0.310359,0.066954,0.472563,0.597068,0.508928,trade_guild|guard_captain|fort|shipyard|fire_plans
20,learned,-27899,1200,351,0,245,0.292500,9.981667,21.878333,49.140000,0.311667,0.244167,0.353333,0.115000,0.253333,0.058333,0.859167,2.316667,1.849783,4.214774,1.885714,0.924732,0.598782,0.473105,0.537633,0.295738,0.084242,0.469439,0.525213,0.381696,trade_guild|guard_captain|fort|fire_plans|shipyard
21,learned,-20966,1200,372,1,263,0.310000,10.387500,23.569167,47.786667,0.312500,0.248333,0.320000,0.120000,0.200833,0.070000,0.896667,2.561667,1.923091,4.144821,1.735776,0.921523,0.499316,0.375200,0.411483,0.221804,0.063181,0.483594,0.643910,0.492462,trade_guild|guard_captain|fort|shipyard
22,kept,-20966,1200,372,1,263,0.310000,10.387500,23.569167,47.786667,0.312500,0.248333,0.320000,0.120000,0.200833,0.070000,0.896667,2.561667,1.923091,4.144821,1.735776,0.921523,0.499316,0.375200,0.411483,0.221804,0.063181,0.483594,0.643910,0.492462,trade_guild|guard_captain|fort|shipyard
23,learned,-12059,1200,402,1,300,0.335000,10.046667,25.211667,45.969167,0.365000,0.301667,0.240000,0.090833,0.153333,0.047500,0.822500,1.924167,1.846320,4.190700,1.708305,0.951797,0.600176,0.440173,0.551930,0.166353,0.047386,0.362696,0.565032,0.388198,trade_guild|guard_captain|shipyard
24,learned,-1843,1200,439,0,343,0.365833,9.945000,26.169167,43.209167,0.389167,0.304167,0.163333,0.044167,0.079167,0.027500,0.832500,2.028333,1.712942,4.137209,1.785626,1.038923,0.621436,0.580130,0.493982,0.124764,0.035539,0.391324,0.673774,0.365391,guard_captain|shipyard
25,learned,25428,1200,531,4,397,0.442500,10.320000,29.990833,35.946667,0.423333,0.312500,0.233333,0.044167,0.081667,0.016667,0.774167,1.723333,1.654231,4.281531,1.675793,1.087743,0.473823,0.479033,0.370486,0.123534,0.026655,0.293493,0.587468,0.274043,guard_captain|shipyard
26,kept,25428,1200,531,4,397,0.442500,10.320000,29.990833,35.946667,0.423333,0.312500,0.233333,0.044167,0.081667,0.016667,0.774167,1.723333,1.654231,4.281531,1.675793,1.087743,0.473823,0.479033,0.370486,0.123534,0.026655,0.293493,0.587468,0.274043,guard_captain|shipyard
27,kept,25428,1200,531,4,397,0.442500,10.320000,29.990833,35.946667,0.423333,0.312500,0.233333,0.044167,0.081667,0.016667,0.774167,1.723333,1.654231,4.281531,1.675793,1.087743,0.473823,0.479033,0.370486,0.123534,0.026655,0.293493,0.587468,0.274043,guard_captain|shipyard
28,kept,25428,1200,531,4,397,0.442500,10.320000,29.990833,35.946667,0.423333,0.312500,0.233333,0.044167,0.081667,0.016667,0.774167,1.723333,1.654231,4.281531,1.675793,1.087743,0.473823,0.479033,0.370486,0.123534,0.026655,0.293493,0.587468,0.274043,guard_captain|shipyard
29,kept,25428,1200,531,4,397,0.442500,10.320000,29.990833,35.946667,0.423333,0.312500,0.233333,0.044167,0.081667,0.016667,0.774167,1.723333,1.654231,4.281531,1.675793,1.087743,0.473823,0.479033,0.370486,0.123534,0.026655,0.293493,0.587468,0.274043,guard_captain|shipyard
30,kept,25428,1200,531,4,397,0.442500,10.320000,29.990833,35.946667,0.423333,0.312500,0.233333,0.044167,0.081667,0.016667,0.774167,1.723333,1.654231,4.281531,1.675793,1.087743,0.473823,0.479033,0.370486,0.123534,0.026655,0.293493,0.587468,0.274043,guard_captain|shipyard
31,kept,25428,1200,531,4,397,0.442500,10.320000,29.990833,35.946667,0.423333,0.312500,0.233333,0.044167,0.081667,0.016667,0.774167,1.723333,1.654231,4.281531,1.675793,1.087743,0.473823,0.479033,0.370486,0.123534,0.026655,0.293493,0.587468,0.274043,guard_captain|shipyard
32,kept,25428,1200,531,4,397,0.442500,10.320000,29.990833,35.946667,0.423333,0.312500,0.233333,0.044167,0.081667,0.016667,0.774167,1.723333,1.654231,4.281531,1.675793,1.087743,0.473823,0.479033,0.370486,0.123534,0.026655,0.293493,0.587468,0.274043,guard_captain|shipyard
33,kept,25428,1200,531,4,397,0.442500,10.320000,29.990833,35.946667,0.423333,0.312500,0.233333,0.044167,0.081667,0.016667,0.774167,1.723333,1.654231,4.281531,1.675793,1.087743,0.473823,0.479033,0.370486,0.123534,0.026655,0.293493,0.587468,0.274043,guard_captain|shipyard
34,kept,25428,1200,531,4,397,0.442500,10.320000,29.990833,35.946667,0.423333,0.312500,0.233333,0.044167,0.081667,0.016667,0.774167,1.723333,1.654231,4.281531,1.675793,1.087743,0.473823,0.479033,0.370486,0.123534,0.026655,0.293493,0.587468,0.274043,guard_captain|shipyard
35,learned,34398,1200,564,3,432,0.470000,10.537500,31.484167,34.194167,0.454167,0.361667,0.184167,0.052500,0.062500,0.019167,0.713333,1.331667,1.739009,4.390545,1.607749,1.100510,0.360606,0.455649,0.427561,0.092650,0.019991,0.227172,0.690601,0.338080,guard_captain|shipyard
36,kept,34398,1200,564,3,432,0.470000,10.537500,31.484167,34.194167,0.454167,0.361667,0.184167,0.052500,0.062500,0.019167,0.713333,1.331667,1.739009,4.390545,1.607749,1.100510,0.360606,0.455649,0.427561,0.092650,0.019991,0.227172,0.690601,0.338080,guard_captain|shipyard
37,kept,34398,1200,564,3,432,0.470000,10.537500,31.484167,34.194167,0.454167,0.361667,0.184167,0.052500,0.062500,0.019167,0.713333,1.331667,1.739009,4.390545,1.607749,1.100510,0.360606,0.455649,0.427561,0.092650,0.019991,0.227172,0.690601,0.338080,guard_captain|shipyard
38,kept,34398,1200,564,3,432,0.470000,10.537500,31.484167,34.194167,0.454167,0.361667,0.184167,0.052500,0.062500,0.019167,0.713333,1.331667,1.739009,4.390545,1.607749,1.100510,0.360606,0.455649,0.427561,0.092650,0.019991,0.227172,0.690601,0.338080,guard_captain|shipyard
39,kept,34398,1200,564,3,432,0.470000,10.537500,31.484167,34.194167,0.454167,0.361667,0.184167,0.052500,0.062500,0.019167,0.713333,1.331667,1.739009,4.390545,1.607749,1.100510,0.360606,0.455649,0.427561,0.092650,0.019991,0.227172,0.690601,0.338080,guard_captain|shipyard
40,kept,34398,1200,564,3,432,0.470000,10.537500,31.484167,34.194167,0.454167,0.361667,0.184167,0.052500,0.062500,0.019167,0.713333,1.331667,1.739009,4.390545,1.607749,1.100510,0.360606,0.455649,0.427561,0.092650,0.019991,0.227172,0.690601,0.338080,guard_captain|shipyard
41,kept,34398,1200,564,3,432,0.470000,10.537500,31.484167,34.194167,0.454167,0.361667,0.184167,0.052500,0.062500,0.019167,0.713333,1.331667,1.739009,4.390545,1.607749,1.100510,0.360606,0.455649,0.427561,0.092650,0.019991,0.227172,0.690601,0.338080,guard_captain|shipyard
42,kept,34398,1200,564,3,432,0.470000,10.537500,31.484167,34.194167,0.454167,0.361667,0.184167,0.052500,0.062500,0.019167,0.713333,1.331667,1.739009,4.390545,1.607749,1.100510,0.360606,0.455649,0.427561,0.092650,0.019991,0.227172,0.690601,0.338080,guard_captain|shipyard
43,learned,50198,1200,620,1,463,0.516667,10.654167,33.177500,29.525000,0.484167,0.351667,0.223333,0.038333,0.044167,0.012500,0.633333,1.063333,1.690988,4.272977,1.498101,1.001116,0.294926,0.508898,0.373169,0.115963,0.014993,0.170379,0.673001,0.300754,guard_captain|shipyard
44,kept,50198,1200,620,1,463,0.516667,10.654167,33.177500,29.525000,0.484167,0.351667,0.223333,0.038333,0.044167,0.012500,0.633333,1.063333,1.690988,4.272977,1.498101,1.001116,0.294926,0.508898,0.373169,0.115963,0.014993,0.170379,0.673001,0.300754,guard_captain|shipyard
45,learned,54035,1200,635,2,504,0.529167,10.433333,33.830000,29.300833,0.474167,0.329167,0.161667,0.030833,0.030000,0.003333,0.551667,0.850000,1.582935,4.255950,1.373927,1.081507,0.356107,0.631674,0.344108,0.086972,0.011245,0.127784,0.600897,0.268801,guard_captain|shipyard
46,kept,54035,1200,635,2,504,0.529167,10.433333,33.830000,29.300833,0.474167,0.329167,0.161667,0.030833,0.030000,0.003333,0.551667,0.850000,1.582935,4.255950,1.373927,1.081507,0.356107,0.631674,0.344108,0.086972,0.011245,0.127784,0.600897,0.268801,guard_captain|shipyard
47,kept,54035,1200,635,2,504,0.529167,10.433333,33.830000,29.300833,0.474167,0.329167,0.161667,0.030833,0.030000,0.003333,0.551667,0.850000,1.582935,4.255950,1.373927,1.081507,0.356107,0.631674,0.344108,0.086972,0.011245,0.127784,0.600897,0.268801,guard_captain|shipyard
48,kept,54035,1200,635,2,504,0.529167,10.433333,33.830000,29.300833,0.474167,0.329167,0.161667,0.030833,0.030000,0.003333,0.551667,0.850000,1.582935,4.255950,1.373927,1.081507,0.356107,0.631674,0.344108,0.086972,0.011245,0.127784,0.600897,0.268801,guard_captain|shipyard
49,kept,54035,1200,635,2,504,0.529167,10.433333,33.830000,29.300833,0.474167,0.329167,0.161667,0.030833,0.030000,0.003333,0.551667,0.850000,1.582935,4.255950,1.373927,1.081507,0.356107,0.631674,0.344108,0.086972,0.011245,0.127784,0.600897,0.268801,guard_captain|shipyard
50,learned,67287,1200,689,1,533,0.574167,10.576667,35.104167,26.135833,0.537500,0.359167,0.147500,0.017500,0.023333,0.002500,0.560000,0.820833,1.538670,4.164483,1.392862,1.095690,0.273472,0.723755,0.427894,0.070800,0.008434,0.133595,0.643786,0.201600,guard_captain|shipyard
51,kept,67287,1200,689,1,533,0.574167,10.576667,35.104167,26.135833,0.537500,0.359167,0.147500,0.017500,0.023333,0.002500,0.560000,0.820833,1.538670,4.164483,1.392862,1.095690,0.273472,0.723755,0.427894,0.070800,0.008434,0.133595,0.643786,0.201600,guard_captain|shipyard
52,learned,67344,1200,689,4,518,0.574167,10.729167,32.870833,23.842500,0.542500,0.295000,0.101667,0.005833,0.027500,0.001667,0.643333,1.045000,1.410220,4.016522,1.265366,1.202763,0.205104,0.662408,0.441170,0.053100,0.006325,0.157400,0.696831,0.151200,guard_captain|shipyard
53,learned,76939,1200,732,1,546,0.610000,10.735000,34.435833,22.603333,0.530833,0.270833,0.081667,0.002500,0.010000,0.000000,0.499167,0.707500,1.455483,4.105492,1.311856,1.151613,0.183009,0.746806,0.396055,0.039825,0.004744,0.118050,0.772623,0.129678,guard_captain|shipyard
54,kept,76939,1200,732,1,546,0.610000,10.735000,34.435833,22.603333,0.530833,0.270833,0.081667,0.002500,0.010000,0.000000,0.499167,0.707500,1.455483,4.105492,1.311856,1.151613,0.183009,0.746806,0.396055,0.039825,0.004744,0.118050,0.772623,0.129678,guard_captain|shipyard
55,kept,76939,1200,732,1,546,0.610000,10.735000,34.435833,22.603333,0.530833,0.270833,0.081667,0.002500,0.010000,0.000000,0.499167,0.707500,1.455483,4.105492,1.311856,1.151613,0.183009,0.746806,0.396055,0.039825,0.004744,0.118050,0.772623,0.129678,guard_captain|shipyard
56,kept,76939,1200,732,1,546,0.610000,10.735000,34.435833,22.603333,0.530833,0.270833,0.081667,0.002500,0.010000,0.000000,0.499167,0.707500,1.455483,4.105492,1.311856,1.151613,0.183009,0.746806,0.396055,0.039825,0.004744,0.118050,0.772623,0.129678,guard_captain|shipyard
57,kept,76939,1200,732,1,546,0.610000,10.735000,34.435833,22.603333,0.530833,0.270833,0.081667,0.002500,0.010000,0.000000,0.499167,0.707500,1.455483,4.105492,1.311856,1.151613,0.183009,0.746806,0.396055,0.039825,0.004744,0.118050,0.772623,0.129678,guard_captain|shipyard
58,kept,76939,1200,732,1,546,0.610000,10.735000,34.435833,22.603333,0.530833,0.270833,0.081667,0.002500,0.010000,0.000000,0.499167,0.707500,1.455483,4.105492,1.311856,1.151613,0.183009,0.746806,0.396055,0.039825,0.004744,0.118050,0.772623,0.129678,guard_captain|shipyard
59,kept,76939,1200,732,1,546,0.610000,10.735000,34.435833,22.603333,0.530833,0.270833,0.081667,0.002500,0.010000,0.000000,0.499167,0.707500,1.455483,4.105492,1.311856,1.151613,0.183009,0.746806,0.396055,0.039825,0.004744,0.118050,0.772623,0.129678,guard_captain|shipyard
60,kept,76939,1200,732,1,546,0.610000,10.735000,34.435833,22.603333,0.530833,0.270833,0.081667,0.002500,0.010000,0.000000,0.499167,0.707500,1.455483,4.105492,1.311856,1.151613,0.183009,0.746806,0.396055,0.039825,0.004744,0.118050,0.772623,0.129678,guard_captain|shipyard
61,kept,76939,1200,732,1,546,0.610000,10.735000,34.435833,22.603333,0.530833,0.270833,0.081667,0.002500,0.010000,0.000000,0.499167,0.707500,1.455483,4.105492,1.311856,1.151613,0.183009,0.746806,0.396055,0.039825,0.004744,0.118050,0.772623,0.129678,guard_captain|shipyard
62,kept,76939,1200,732,1,546,0.610000,10.735000,34.435833,22.603333,0.530833,0.270833,0.081667,0.002500,0.010000,0.000000,0.499167,0.707500,1.455483,4.105492,1.311856,1.151613,0.183009,0.746806,0.396055,0.039825,0.004744,0.118050,0.772623,0.129678,guard_captain|shipyard
63,kept,76939,1200,732,1,546,0.610000,10.735000,34.435833,22.603333,0.530833,0.270833,0.081667,0.002500,0.010000,0.000000,0.499167,0.707500,1.455483,4.105492,1.311856,1.151613,0.183009,0.746806,0.396055,0.039825,0.004744,0.118050,0.772623,0.129678,guard_captain|shipyard
64,kept,76939,1200,732,1,546,0.610000,10.735000,34.435833,22.603333,0.530833,0.270833,0.081667,0.002500,0.010000,0.000000,0.499167,0.707500,1.455483,4.105492,1.311856,1.151613,0.183009,0.746806,0.396055,0.039825,0.004744,0.118050,0.772623,0.129678,guard_captain|shipyard
65,kept,76939,1200,732,1,546,0.610000,10.735000,34.435833,22.603333,0.530833,0.270833,0.081667,0.002500,0.010000,0.000000,0.499167,0.707500,1.455483,4.105492,1.311856,1.151613,0.183009,0.746806,0.396055,0.039825,0.004744,0.118050,0.772623,0.129678,guard_captain|shipyard
66,learned,82421,1200,750,1,548,0.625000,10.824167,34.635000,20.359167,0.591667,0.354167,0.095833,0.005833,0.009167,0.001667,0.410000,0.537500,1.463052,4.227238,1.208154,1.289425,0.137257,0.792013,0.496167,0.046244,0.003558,0.088538,0.829090,0.177247,guard_captain
67,kept,82421,1200,750,1,548,0.625000,10.824167,34.635000,20.359167,0.591667,0.354167,0.095833,0.005833,0.009167,0.001667,0.410000,0.537500,1.463052,4.227238,1.208154,1.289425,0.137257,0.792013,0.496167,0.046244,0.003558,0.088538,0.829090,0.177247,guard_captain
68,kept,82421,1200,750,1,548,0.625000,10.824167,34.635000,20.359167,0.591667,0.354167,0.095833,0.005833,0.009167,0.001667,0.410000,0.537500,1.463052,4.227238,1.208154,1.289425,0.137257,0.792013,0.496167,0.046244,0.003558,0.088538,0.829090,0.177247,guard_captain
69,learned,83523,1200,755,3,521,0.629167,11.059167,34.130833,19.299167,0.633333,0.367500,0.178333,0.005833,0.006667,0.000833,0.300000,0.355833,1.499493,4.344790,1.069121,1.411639,0.102942,0.844010,0.621379,0.102312,0.002668,0.066403,0.871818,0.147790,
70,kept,83523,1200,755,3,521,0.629167,11.059167,34.130833,19.299167,0.633333,0.367500,0.178333,0.005833,0.006667,0.000833,0.300000,0.355833,1.499493,4.344790,1.069121,1.411639,0.102942,0.844010,0.621379,0.102312,0.002668,0.066403,0.871818,0.147790,
71,kept,83523,1200,755,3,521,0.629167,11.059167,34.130833,19.299167,0.633333,0.367500,0.178333,0.005833,0.006667,0.000833,0.300000,0.355833,1.499493,4.344790,1.069121,1.411639,0.102942,0.844010,0.621379,0.102312,0.002668,0.066403,0.871818,0.147790,
72,kept,83523,1200,755,3,521,0.629167,11.059167,34.130833,19.299167,0.633333,0.367500,0.178333,0.005833,0.006667,0.000833,0.300000,0.355833,1.499493,4.344790,1.069121,1.411639,0.102942,0.844010,0.621379,0.102312,0.002668,0.066403,0.871818,0.147790,
73,kept,83523,1200,755,3,521,0.629167,11.059167,34.130833,19.299167,0.633333,0.367500,0.178333,0.005833,0.006667,0.000833,0.300000,0.355833,1.499493,4.344790,1.069121,1.411639,0.102942,0.844010,0.621379,0.102312,0.002668,0.066403,0.871818,0.147790,
74,kept,83523,1200,755,3,521,0.629167,11.059167,34.130833,19.299167,0.633333,0.367500,0.178333,0.005833,0.006667,0.000833,0.300000,0.355833,1.499493,4.344790,1.069121,1.411639,0.102942,0.844010,0.621379,0.102312,0.002668,0.066403,0.871818,0.147790,
75,kept,83523,1200,755,3,521,0.629167,11.059167,34.130833,19.299167,0.633333,0.367500,0.178333,0.005833,0.006667,0.000833,0.300000,0.355833,1.499493,4.344790,1.069121,1.411639,0.102942,0.844010,0.621379,0.102312,0.002668,0.066403,0.871818,0.147790,
76,kept,83523,1200,755,3,521,0.629167,11.059167,34.130833,19.299167,0.633333,0.367500,0.178333,0.005833,0.006667,0.000833,0.300000,0.355833,1.499493,4.344790,1.069121,1.411639,0.102942,0.844010,0.621379,0.102312,0.002668,0.066403,0.871818,0.147790,
77,kept,83523,1200,755,3,521,0.629167,11.059167,34.130833,19.299167,0.633333,0.367500,0.178333,0.005833,0.006667,0.000833,0.300000,0.355833,1.499493,4.344790,1.069121,1.411639,0.102942,0.844010,0.621379,0.102312,0.002668,0.066403,0.871818,0.147790,
78,kept,83523,1200,755,3,521,0.629167,11.059167,34.130833,19.299167,0.633333,0.367500,0.178333,0.005833,0.006667,0.000833,0.300000,0.355833,1.499493,4.344790,1.069121,1.411639,0.102942,0.844010,0.621379,0.102312,0.002668,0.066403,0.871818,0.147790,
79,kept,83523,1200,755,3,521,0.629167,11.059167,34.130833,19.299167,0.633333,0.367500,0.178333,0.005833,0.006667,0.000833,0.300000,0.355833,1.499493,4.344790,1.069121,1.411639,0.102942,0.844010,0.621379,0.102312,0.002668,0.066403,0.871818,0.147790,
80,kept,83523,1200,755,3,521,0.629167,11.059167,34.130833,19.299167,0.633333,0.367500,0.178333,0.005833,0.006667,0.000833,0.300000,0.355833,1.499493,4.344790,1.069121,1.411639,0.102942,0.844010,0.621379,0.102312,0.002668,0.066403,0.871818,0.147790,
81,kept,83523,1200,755,3,521,0.629167,11.059167,34.130833,19.299167,0.633333,0.367500,0.178333,0.005833,0.006667,0.000833,0.300000,0.355833,1.499493,4.344790,1.069121,1.411639,0.102942,0.844010,0.621379,0.102312,0.002668,0.066403,0.871818,0.147790,
82,kept,83523,1200,755,3,521,0.629167,11.059167,34.130833,19.299167,0.633333,0.367500,0.178333,0.005833,0.006667,0.000833,0.300000,0.355833,1.499493,4.344790,1.069121,1.411639,0.102942,0.844010,0.621379,0.102312,0.002668,0.066403,0.871818,0.147790,
83,kept,83523,1200,755,3,521,0.629167,11.059167,34.130833,19.299167,0.633333,0.367500,0.178333,0.005833,0.006667,0.000833,0.300000,0.355833,1.499493,4.344790,1.069121,1.411639,0.102942,0.844010,0.621379,0.102312,0.002668,0.066403,0.871818,0.147790,
84,kept,83523,1200,755,3,521,0.629167,11.059167,34.130833,19.299167,0.633333,0.367500,0.178333,0.005833,0.006667,0.000833,0.300000,0.355833,1.499493,4.344790,1.069121,1.411639,0.102942,0.844010,0.621379,0.102312,0.002668,0.066403,0.871818,0.147790,
85,kept,83523,1200,755,3,521,0.629167,11.059167,34.130833,19.299167,0.633333,0.367500,0.178333,0.005833,0.006667,0.000833,0.300000,0.355833,1.499493,4.344790,1.069121,1.411639,0.102942,0.844010,0.621379,0.102312,0.002668,0.066403,0.871818,0.147790,
86,kept,83523,1200,755,3,521,0.629167,11.059167,34.130833,19.299167,0.633333,0.367500,0.178333,0.005833,0.006667,0.000833,0.300000,0.355833,1.499493,4.344790,1.069121,1.411639,0.102942,0.844010,0.621379,0.102312,0.002668,0.066403,0.871818,0.147790,
87,kept,83523,1200,755,3,521,0.629167,11.059167,34.130833,19.299167,0.633333,0.367500,0.178333,0.005833,0.006667,0.000833,0.300000,0.355833,1.499493,4.344790,1.069121,1.411639,0.102942,0.844010,0.621379,0.102312,0.002668,0.066403,0.871818,0.147790,
88,kept,83523,1200,755,3,521,0.629167,11.059167,34.130833,19.299167,0.633333,0.367500,0.178333,0.005833,0.006667,0.000833,0.300000,0.355833,1.499493,4.344790,1.069121,1.411639,0.102942,0.844010,0.621379,0.102312,0.002668,0.066403,0.871818,0.147790,
89,kept,83523,1200,755,3,521,0.629167,11.059167,34.130833,19.299167,0.633333,0.367500,0.178333,0.005833,0.006667,0.000833,0.300000,0.355833,1.499493,4.344790,1.069121,1.411639,0.102942,0.844010,0.621379,0.102312,0.002668,0.066403,0.871818,0.147790,
90,kept,83523,1200,755,3,521,0.629167,11.059167,34.130833,19.299167,0.633333,0.367500,0.178333,0.005833,0.006667,0.000833,0.300000,0.355833,1.499493,4.344790,1.069121,1.411639,0.102942,0.844010,0.621379,0.102312,0.002668,0.066403,0.871818,0.147790,
91,kept,83523,1200,755,3,521,0.629167,11.059167,34.130833,19.299167,0.633333,0.367500,0.178333,0.005833,0.006667,0.000833,0.300000,0.355833,1.499493,4.344790,1.069121,1.411639,0.102942,0.844010,0.621379,0.102312,0.002668,0.066403,0.871818,0.147790,
92,kept,83523,1200,755,3,521,0.629167,11.059167,34.130833,19.299167,0.633333,0.367500,0.178333,0.005833,0.006667,0.000833,0.300000,0.355833,1.499493,4.344790,1.069121,1.411639,0.102942,0.844010,0.621379,0.102312,0.002668,0.066403,0.871818,0.147790,
93,kept,83523,1200,755,3,521,0.629167,11.059167,34.130833,19.299167,0.633333,0.367500,0.178333,0.005833,0.006667,0.000833,0.300000,0.355833,1.499493,4.344790,1.069121,1.411639,0.102942,0.844010,0.621379,0.102312,0.002668,0.066403,0.871818,0.147790,
94,kept,83523,1200,755,3,521,0.629167,11.059167,34.130833,19.299167,0.633333,0.367500,0.178333,0.005833,0.006667,0.000833,0.300000,0.355833,1.499493,4.344790,1.069121,1.411639,0.102942,0.844010,0.621379,0.102312,0.002668,0.066403,0.871818,0.147790,
95,kept,83523,1200,755,3,521,0.629167,11.059167,34.130833,19.299167,0.633333,0.367500,0.178333,0.005833,0.006667,0.000833,0.300000,0.355833,1.499493,4.344790,1.069121,1.411639,0.102942,0.844010,0.621379,0.102312,0.002668,0.066403,0.871818,0.147790,
96,kept,83523,1200,755,3,521,0.629167,11.059167,34.130833,19.299167,0.633333,0.367500,0.178333,0.005833,0.006667,0.000833,0.300000,0.355833,1.499493,4.344790,1.069121,1.411639,0.102942,0.844010,0.621379,0.102312,0.002668,0.066403,0.871818,0.147790,
97,learned,87241,1200,770,3,531,0.641667,10.933333,35.049167,18.994167,0.622500,0.445833,0.277500,0.030833,0.004167,0.000000,0.230833,0.261667,1.425011,4.476430,0.980010,1.304661,0.100487,0.883007,0.585657,0.151208,0.002001,0.049802,0.903609,0.267159,
98,kept,87241,1200,770,3,531,0.641667,10.933333,35.049167,18.994167,0.622500,0.445833,0.277500,0.030833,0.004167,0.000000,0.230833,0.261667,1.425011,4.476430,0.980010,1.304661,0.100487,0.883007,0.585657,0.151208,0.002001,0.049802,0.903609,0.267159,
99,kept,87241,1200,770,3,531,0.641667,10.933333,35.049167,18.994167,0.622500,0.445833,0.277500,0.030833,0.004167,0.000000,0.230833,0.261667,1.425011,4.476430,0.980010,1.304661,0.100487,0.883007,0.585657,0.151208,0.002001,0.049802,0.903609,0.267159,
100,kept,87241,1200,770,3,531,0.641667,10.933333,35.049167,18.994167,0.622500,0.445833,0.277500,0.030833,0.004167,0.000000,0.230833,0.261667,1.425011,4.476430,0.980010,1.304661,0.100487,0.883007,0.585657,0.151208,0.002001,0.049802,0.903609,0.267159,
101,kept,87241,1200,770,3,531,0.641667,10.933333,35.049167,18.994167,0.622500,0.445833,0.277500,0.030833,0.004167,0.000000,0.230833,0.261667,1.425011,4.476430,0.980010,1.304661,0.100487,0.883007,0.585657,0.151208,0.002001,0.049802,0.903609,0.267159,
102,learned,95672,1200,802,4,569,0.668333,10.943333,36.368333,17.554167,0.634167,0.417500,0.207500,0.010833,0.005833,0.000833,0.300833,0.358333,1.445742,4.594971,0.843261,1.287517,0.100130,0.867464,0.543984,0.113406,0.001501,0.058390,0.824959,0.219213,shipyard
103,kept,95672,1200,802,4,569,0.668333,10.943333,36.368333,17.554167,0.634167,0.417500,0.207500,0.010833,0.005833,0.000833,0.300833,0.358333,1.445742,4.594971,0.843261,1.287517,0.100130,0.867464,0.543984,0.113406,0.001501,0.058390,0.824959,0.219213,shipyard
104,kept,95672,1200,802,4,569,0.668333,10.943333,36.368333,17.554167,0.634167,0.417500,0.207500,0.010833,0.005833,0.000833,0.300833,0.358333,1.445742,4.594971,0.843261,1.287517,0.100130,0.867464,0.543984,0.113406,0.001501,0.058390,0.824959,0.219213,shipyard
105,kept,95672,1200,802,4,569,0.668333,10.943333,36.368333,17.554167,0.634167,0.417500,0.207500,0.010833,0.005833,0.000833,0.300833,0.358333,1.445742,4.594971,0.843261,1.287517,0.100130,0.867464,0.543984,0.113406,0.001501,0.058390,0.824959,0.219213,shipyard
106,learned,98796,1200,819,3,559,0.682500,10.963333,36.560833,16.943333,0.665000,0.480000,0.176667,0.035000,0.000833,0.000833,0.233333,0.259167,1.313643,4.696228,0.785666,1.214229,0.075098,0.761745,0.577086,0.085054,0.001126,0.043792,0.821604,0.325700,shipyard
107,kept,98796,1200,819,3,559,0.682500,10.963333,36.560833,16.943333,0.665000,0.480000,0.176667,0.035000,0.000833,0.000833,0.233333,0.259167,1.313643,4.696228,0.785666,1.214229,0.075098,0.761745,0.577086,0.085054,0.001126,0.043792,0.821604,0.325700,shipyard
108,kept,98796,1200,819,3,559,0.682500,10.963333,36.560833,16.943333,0.665000,0.480000,0.176667,0.035000,0.000833,0.000833,0.233333,0.259167,1.313643,4.696228,0.785666,1.214229,0.075098,0.761745,0.577086,0.085054,0.001126,0.043792,0.821604,0.325700,shipyard
109,kept,98796,1200,819,3,559,0.682500,10.963333,36.560833,16.943333,0.665000,0.480000,0.176667,0.035000,0.000833,0.000833,0.233333,0.259167,1.313643,4.696228,0.785666,1.214229,0.075098,0.761745,0.577086,0.085054,0.001126,0.043792,0.821604,0.325700,shipyard
110,kept,98796,1200,819,3,559,0.682500,10.963333,36.560833,16.943333,0.665000,0.480000,0.176667,0.035000,0.000833,0.000833,0.233333,0.259167,1.313643,4.696228,0.785666,1.214229,0.075098,0.761745,0.577086,0.085054,0.001126,0.043792,0.821604,0.325700,shipyard
111,learned,98817,1200,822,5,574,0.685000,10.968333,35.245000,16.264167,0.640833,0.401667,0.133333,0.013333,0.005000,0.000000,0.625833,0.991667,1.448502,4.547420,0.723031,1.212654,0.056323,0.821309,0.503456,0.063791,0.000844,0.172379,0.725293,0.244275,shipyard
112,kept,98817,1200,822,5,574,0.685000,10.968333,35.245000,16.264167,0.640833,0.401667,0.133333,0.013333,0.005000,0.000000,0.625833,0.991667,1.448502,4.547420,0.723031,1.212654,0.056323,0.821309,0.503456,0.063791,0.000844,0.172379,0.725293,0.244275,shipyard
113,kept,98817,1200,822,5,574,0.685000,10.968333,35.245000,16.264167,0.640833,0.401667,0.133333,0.013333,0.005000,0.000000,0.625833,0.991667,1.448502,4.547420,0.723031,1.212654,0.056323,0.821309,0.503456,0.063791,0.000844,0.172379,0.725293,0.244275,shipyard
114,kept,98817,1200,822,5,574,0.685000,10.968333,35.245000,16.264167,0.640833,0.401667,0.133333,0.013333,0.005000,0.000000,0.625833,0.991667,1.448502,4.547420,0.723031,1.212654,0.056323,0.821309,0.503456,0.063791,0.000844,0.172379,0.725293,0.244275,shipyard
115,kept,98817,1200,822,5,574,0.685000,10.968333,35.245000,16.264167,0.640833,0.401667,0.133333,0.013333,0.005000,0.000000,0.625833,0.991667,1.448502,4.547420,0.723031,1.212654,0.056323,0.821309,0.503456,0.063791,0.000844,0.172379,0.725293,0.244275,shipyard
116,kept,98817,1200,822,5,574,0.685000,10.968333,35.245000,16.264167,0.640833,0.401667,0.133333,0.013333,0.005000,0.000000,0.625833,0.991667,1.448502,4.547420,0.723031,1.212654,0.056323,0.821309,0.503456,0.063791,0.000844,0.172379,0.725293,0.244275,shipyard
117,kept,98817,1200,822,5,574,0.685000,10.968333,35.245000,16.264167,0.640833,0.401667,0.133333,0.013333,0.005000,0.000000,0.625833,0.991667,1.448502,4.547420,0.723031,1.212654,0.056323,0.821309,0.503456,0.063791,0.000844,0.172379,0.725293,0.244275,shipyard
118,learned,105893,1200,857,1,596,0.714167,10.800000,35.226667,14.474167,0.599167,0.334167,0.100833,0.008333,0.002500,0.000000,0.750000,1.316667,1.463029,4.443277,0.694260,1.271640,0.042243,0.794032,0.413598,0.047843,0.000633,0.228521,0.604001,0.183206,shipyard
119,kept,105893,1200,857,1,596,0.714167,10.800000,35.226667,14.474167,0.599167,0.334167,0.100833,0.008333,0.002500,0.000000,0.750000,1.316667,1.463029,4.443277,0.694260,1.271640,0.042243,0.794032,0.413598,0.047843,0.000633,0.228521,0.604001,0.183206,shipyard
120,kept,105893,1200,857,1,596,0.714167,10.800000,35.226667,14.474167,0.599167,0.334167,0.100833,0.008333,0.002500,0.000000,0.750000,1.316667,1.463029,4.443277,0.694260,1.271640,0.042243,0.794032,0.413598,0.047843,0.000633,0.228521,0.604001,0.183206,shipyard
121,kept,105893,1200,857,1,596,0.714167,10.800000,35.226667,14.474167,0.599167,0.334167,0.100833,0.008333,0.002500,0.000000,0.750000,1.316667,1.463029,4.443277,0.694260,1.271640,0.042243,0.794032,0.413598,0.047843,0.000633,0.228521,0.604001,0.183206,shipyard
122,kept,105893,1200,857,1,596,0.714167,10.800000,35.226667,14.474167,0.599167,0.334167,0.100833,0.008333,0.002500,0.000000,0.750000,1.316667,1.463029,4.443277,0.694260,1.271640,0.042243,0.794032,0.413598,0.047843,0.000633,0.228521,0.604001,0.183206,shipyard
123,kept,105893,1200,857,1,596,0.714167,10.800000,35.226667,14.474167,0.599167,0.334167,0.100833,0.008333,0.002500,0.000000,0.750000,1.316667,1.463029,4.443277,0.694260,1.271640,0.042243,0.794032,0.413598,0.047843,0.000633,0.228521,0.604001,0.183206,shipyard
124,kept,105893,1200,857,1,596,0.714167,10.800000,35.226667,14.474167,0.599167,0.334167,0.100833,0.008333,0.002500,0.000000,0.750000,1.316667,1.463029,4.443277,0.694260,1.271640,0.042243,0.794032,0.413598,0.047843,0.000633,0.228521,0.604001,0.183206,shipyard
125,kept,105893,1200,857,1,596,0.714167,10.800000,35.226667,14.474167,0.599167,0.334167,0.100833,0.008333,0.002500,0.000000,0.750000,1.316667,1.463029,4.443277,0.694260,1.271640,0.042243,0.794032,0.413598,0.047843,0.000633,0.228521,0.604001,0.183206,shipyard
126,learned,108854,1200,861,4,588,0.717500,10.837500,36.442500,13.764167,0.604167,0.425000,0.090000,0.018333,0.003333,0.000833,0.605833,0.950000,1.442375,4.333935,0.751492,1.139741,0.031682,0.845524,0.424054,0.038451,0.000475,0.171391,0.703000,0.305543,shipyard
127,kept,108854,1200,861,4,588,0.717500,10.837500,36.442500,13.764167,0.604167,0.425000,0.090000,0.018333,0.003333,0.000833,0.605833,0.950000,1.442375,4.333935,0.751492,1.139741,0.031682,0.845524,0.424054,0.038451,0.000475,0.171391,0.703000,0.305543,shipyard
128,kept,108854,1200,861,4,588,0.717500,10.837500,36.442500,13.764167,0.604167,0.425000,0.090000,0.018333,0.003333,0.000833,0.605833,0.950000,1.442375,4.333935,0.751492,1.139741,0.031682,0.845524,0.424054,0.038451,0.000475,0.171391,0.703000,0.305543,shipyard
129,kept,108854,1200,861,4,588,0.717500,10.837500,36.442500,13.764167,0.604167,0.425000,0.090000,0.018333,0.003333,0.000833,0.605833,0.950000,1.442375,4.333935,0.751492,1.139741,0.031682,0.845524,0.424054,0.038451,0.000475,0.171391,0.703000,0.305543,shipyard
130,kept,108854,1200,861,4,588,0.717500,10.837500,36.442500,13.764167,0.604167,0.425000,0.090000,0.018333,0.003333,0.000833,0.605833,0.950000,1.442375,4.333935,0.751492,1.139741,0.031682,0.845524,0.424054,0.038451,0.000475,0.171391,0.703000,0.305543,shipyard
131,kept,108854,1200,861,4,588,0.717500,10.837500,36.442500,13.764167,0.604167,0.425000,0.090000,0.018333,0.003333,0.000833,0.605833,0.950000,1.442375,4.333935,0.751492,1.139741,0.031682,0.845524,0.424054,0.038451,0.000475,0.171391,0.703000,0.305543,shipyard
132,kept,108854,1200,861,4,588,0.717500,10.837500,36.442500,13.764167,0.604167,0.425000,0.090000,0.018333,0.003333,0.000833,0.605833,0.950000,1.442375,4.333935,0.751492,1.139741,0.031682,0.845524,0.424054,0.038451,0.000475,0.171391,0.703000,0.305543,shipyard
133,kept,108854,1200,861,4,588,0.717500,10.837500,36.442500,13.764167,0.604167,0.425000,0.090000,0.018333,0.003333,0.000833,0.605833,0.950000,1.442375,4.333935,0.751492,1.139741,0.031682,0.845524,0.424054,0.038451,0.000475,0.171391,0.703000,0.305543,shipyard
134,kept,108854,1200,861,4,588,0.717500,10.837500,36.442500,13.764167,0.604167,0.425000,0.090000,0.018333,0.003333,0.000833,0.605833,0.950000,1.442375,4.333935,0.751492,1.139741,0.031682,0.845524,0.424054,0.038451,0.000475,0.171391,0.703000,0.305543,shipyard
135,kept,108854,1200,861,4,588,0.717500,10.837500,36.442500,13.764167,0.604167,0.425000,0.090000,0.018333,0.003333,0.000833,0.605833,0.950000,1.442375,4.333935,0.751492,1.139741,0.031682,0.845524,0.424054,0.038451,0.000475,0.171391,0.703000,0.305543,shipyard
136,kept,108854,1200,861,4,588,0.717500,10.837500,36.442500,13.764167,0.604167,0.425000,0.090000,0.018333,0.003333,0.000833,0.605833,0.950000,1.442375,4.333935,0.751492,1.139741,0.031682,0.845524,0.424054,0.038451,0.000475,0.171391,0.703000,0.305543,shipyard
137,kept,108854,1200,861,4,588,0.717500,10.837500,36.442500,13.764167,0.604167,0.425000,0.090000,0.018333,0.003333,0.000833,0.605833,0.950000,1.442375,4.333935,0.751492,1.139741,0.031682,0.845524,0.424054,0.038451,0.000475,0.171391,0.703000,0.305543,shipyard
138,learned,108967,1200,861,3,610,0.717500,10.828333,36.183333,13.627500,0.533333,0.392500,0.211667,0.070000,0.007500,0.000833,0.526667,0.756667,1.365370,4.349928,0.635113,1.114970,0.023761,0.884143,0.318040,0.119762,0.003716,0.128543,0.714009,0.373984,shipyard
139,kept,108967,1200,861,3,610,0.717500,10.828333,36.183333,13.627500,0.533333,0.392500,0.211667,0.070000,0.007500,0.000833,0.526667,0.756667,1.365370,4.349928,0.635113,1.114970,0.023761,0.884143,0.318040,0.119762,0.003716,0.128543,0.714009,0.373984,shipyard
140,kept,108967,1200,861,3,610,0.717500,10.828333,36.183333,13.627500,0.533333,0.392500,0.211667,0.070000,0.007500,0.000833,0.526667,0.756667,1.365370,4.349928,0.635113,1.114970,0.023761,0.884143,0.318040,0.119762,0.003716,0.128543,0.714009,0.373984,shipyard
141,kept,108967,1200,861,3,610,0.717500,10.828333,36.183333,13.627500,0.533333,0.392500,0.211667,0.070000,0.007500,0.000833,0.526667,0.756667,1.365370,4.349928,0.635113,1.114970,0.023761,0.884143,0.318040,0.119762,0.003716,0.128543,0.714009,0.373984,shipyard
142,kept,108967,1200,861,3,610,0.717500,10.828333,36.183333,13.627500,0.533333,0.392500,0.211667,0.070000,0.007500,0.000833,0.526667,0.756667,1.365370,4.349928,0.635113,1.114970,0.023761,0.884143,0.318040,0.119762,0.003716,0.128543,0.714009,0.373984,shipyard
143,learned,113636,1200,880,4,628,0.733333,10.636667,37.855833,13.909167,0.465000,0.389167,0.195833,0.109167,0.006667,0.004167,0.429167,0.544167,1.308463,4.386648,0.628530,1.096168,0.043058,0.830268,0.238530,0.089821,0.002787,0.096407,0.651603,0.504423,shipyard
144,kept,113636,1200,880,4,628,0.733333,10.636667,37.855833,13.909167,0.465000,0.389167,0.195833,0.109167,0.006667,0.004167,0.429167,0.544167,1.308463,4.386648,0.628530,1.096168,0.043058,0.830268,0.238530,0.089821,0.002787,0.096407,0.651603,0.504423,shipyard
145,kept,113636,1200,880,4,628,0.733333,10.636667,37.855833,13.909167,0.465000,0.389167,0.195833,0.109167,0.006667,0.004167,0.429167,0.544167,1.308463,4.386648,0.628530,1.096168,0.043058,0.830268,0.238530,0.089821,0.002787,0.096407,0.651603,0.504423,shipyard
146,kept,113636,1200,880,4,628,0.733333,10.636667,37.855833,13.909167,0.465000,0.389167,0.195833,0.109167,0.006667,0.004167,0.429167,0.544167,1.308463,4.386648,0.628530,1.096168,0.043058,0.830268,0.238530,0.089821,0.002787,0.096407,0.651603,0.504423,shipyard
147,kept,113636,1200,880,4,628,0.733333,10.636667,37.855833,13.909167,0.465000,0.389167,0.195833,0.109167,0.006667,0.004167,0.429167,0.544167,1.308463,4.386648,0.628530,1.096168,0.043058,0.830268,0.238530,0.089821,0.002787,0.096407,0.651603,0.504423,shipyard
148,kept,113636,1200,880,4,628,0.733333,10.636667,37.855833,13.909167,0.465000,0.389167,0.195833,0.109167,0.006667,0.004167,0.429167,0.544167,1.308463,4.386648,0.628530,1.096168,0.043058,0.830268,0.238530,0.089821,0.002787,0.096407,0.651603,0.504423,shipyard
149,kept,113636,1200,880,4,628,0.733333,10.636667,37.855833,13.909167,0.465000,0.389167,0.195833,0.109167,0.006667,0.004167,0.429167,0.544167,1.308463,4.386648,0.628530,1.096168,0.043058,0.830268,0.238530,0.089821,0.002787,0.096407,0.651603,0.504423,shipyard
150,kept,113636,1200,880,4,628,0.733333,10.636667,37.855833,13.909167,0.465000,0.389167,0.195833,0.109167,0.006667,0.004167,0.429167,0.544167,1.308463,4.386648,0.628530,1.096168,0.043058,0.830268,0.238530,0.089821,0.002787,0.096407,0.651603,0.504423,shipyard
151,kept,113636,1200,880,4,628,0.733333,10.636667,37.855833,13.909167,0.465000,0.389167,0.195833,0.109167,0.006667,0.004167,0.429167,0.544167,1.308463,4.386648,0.628530,1.096168,0.043058,0.830268,0.238530,0.089821,0.002787,0.096407,0.651603,0.504423,shipyard
152,kept,113636,1200,880,4,628,0.733333,10.636667,37.855833,13.909167,0.465000,0.389167,0.195833,0.109167,0.006667,0.004167,0.429167,0.544167,1.308463,4.386648,0.628530,1.096168,0.043058,0.830268,0.238530,0.089821,0.002787,0.096407,0.651603,0.504423,shipyard
153,kept,113636,1200,880,4,628,0.733333,10.636667,37.855833,13.909167,0.465000,0.389167,0.195833,0.109167,0.006667,0.004167,0.429167,0.544167,1.308463,4.386648,0.628530,1.096168,0.043058,0.830268,0.238530,0.089821,0.002787,0.096407,0.651603,0.504423,shipyard
154,kept,113636,1200,880,4,628,0.733333,10.636667,37.855833,13.909167,0.465000,0.389167,0.195833,0.109167,0.006667,0.004167,0.429167,0.544167,1.308463,4.386648,0.628530,1.096168,0.043058,0.830268,0.238530,0.089821,0.002787,0.096407,0.651603,0.504423,shipyard
155,kept,113636,1200,880,4,628,0.733333,10.636667,37.855833,13.909167,0.465000,0.389167,0.195833,0.109167,0.006667,0.004167,0.429167,0.544167,1.308463,4.386648,0.628530,1.096168,0.043058,0.830268,0.238530,0.089821,0.002787,0.096407,0.651603,0.504423,shipyard
156,learned,118631,1200,894,3,629,0.745000,10.724167,39.794167,13.272500,0.385000,0.315000,0.174167,0.108333,0.265000,0.180833,0.360000,0.427500,1.308643,4.421192,0.702266,1.192317,0.032293,0.868572,0.178898,0.073196,0.079121,0.072305,0.512931,0.592137,shipyard
157,learned,119921,1200,899,0,632,0.749167,10.635000,40.309167,13.158333,0.327500,0.262500,0.125000,0.080833,0.490833,0.355000,0.295833,0.352500,1.166583,4.501144,0.627446,1.074057,0.024220,0.752855,0.134173,0.054897,0.172701,0.054229,0.384698,0.581157,shipyard
158,kept,119921,1200,899,0,632,0.749167,10.635000,40.309167,13.158333,0.327500,0.262500,0.125000,0.080833,0.490833,0.355000,0.295833,0.352500,1.166583,4.501144,0.627446,1.074057,0.024220,0.752855,0.134173,0.054897,0.172701,0.054229,0.384698,0.581157,shipyard
159,kept,119921,1200,899,0,632,0.749167,10.635000,40.309167,13.158333,0.327500,0.262500,0.125000,0.080833,0.490833,0.355000,0.295833,0.352500,1.166583,4.501144,0.627446,1.074057,0.024220,0.752855,0.134173,0.054897,0.172701,0.054229,0.384698,0.581157,shipyard
160,learned,123167,1200,909,3,612,0.757500,10.785833,40.997500,12.233333,0.500000,0.388333,0.226667,0.132500,0.395000,0.250000,0.213333,0.247500,1.287466,4.561022,0.606014,1.201443,0.018165,0.689331,0.252362,0.106733,0.148796,0.040672,0.329599,0.547797,shipyard
161,kept,123167,1200,909,3,612,0.757500,10.785833,40.997500,12.233333,0.500000,0.388333,0.226667,0.132500,0.395000,0.250000,0.213333,0.247500,1.287466,4.561022,0.606014,1.201443,0.018165,0.689331,0.252362,0.106733,0.148796,0.040672,0.329599,0.547797,shipyard
162,kept,123167,1200,909,3,612,0.757500,10.785833,40.997500,12.233333,0.500000,0.388333,0.226667,0.132500,0.395000,0.250000,0.213333,0.247500,1.287466,4.561022,0.606014,1.201443,0.018165,0.689331,0.252362,0.106733,0.148796,0.040672,0.329599,0.547797,shipyard
163,kept,123167,1200,909,3,612,0.757500,10.785833,40.997500,12.233333,0.500000,0.388333,0.226667,0.132500,0.395000,0.250000,0.213333,0.247500,1.287466,4.561022,0.606014,1.201443,0.018165,0.689331,0.252362,0.106733,0.148796,0.040672,0.329599,0.547797,shipyard
164,kept,123167,1200,909,3,612,0.757500,10.785833,40.997500,12.233333,0.500000,0.388333,0.226667,0.132500,0.395000,0.250000,0.213333,0.247500,1.287466,4.561022,0.606014,1.201443,0.018165,0.689331,0.252362,0.106733,0.148796,0.040672,0.329599,0.547797,shipyard
165,kept,123167,1200,909,3,612,0.757500,10.785833,40.997500,12.233333,0.500000,0.388333,0.226667,0.132500,0.395000,0.250000,0.213333,0.247500,1.287466,4.561022,0.606014,1.201443,0.018165,0.689331,0.252362,0.106733,0.148796,0.040672,0.329599,0.547797,shipyard
166,kept,123167,1200,909,3,612,0.757500,10.785833,40.997500,12.233333,0.500000,0.388333,0.226667,0.132500,0.395000,0.250000,0.213333,0.247500,1.287466,4.561022,0.606014,1.201443,0.018165,0.689331,0.252362,0.106733,0.148796,0.040672,0.329599,0.547797,shipyard
167,kept,123167,1200,909,3,612,0.757500,10.785833,40.997500,12.233333,0.500000,0.388333,0.226667,0.132500,0.395000,0.250000,0.213333,0.247500,1.287466,4.561022,0.606014,1.201443,0.018165,0.689331,0.252362,0.106733,0.148796,0.040672,0.329599,0.547797,shipyard
168,kept,123167,1200,909,3,612,0.757500,10.785833,40.997500,12.233333,0.500000,0.388333,0.226667,0.132500,0.395000,0.250000,0.213333,0.247500,1.287466,4.561022,0.606014,1.201443,0.018165,0.689331,0.252362,0.106733,0.148796,0.040672,0.329599,0.547797,shipyard
169,learned,123591,1200,907,6,620,0.755833,10.723333,41.602500,12.526667,0.535833,0.432500,0.219167,0.135833,0.351667,0.233333,0.168333,0.184167,1.300415,4.564697,0.612274,1.200205,0.013624,0.567358,0.286393,0.115528,0.111597,0.030504,0.247200,0.621547,shipyard|fort
170,kept,123591,1200,907,6,620,0.755833,10.723333,41.602500,12.526667,0.535833,0.432500,0.219167,0.135833,0.351667,0.233333,0.168333,0.184167,1.300415,4.564697,0.612274,1.200205,0.013624,0.567358,0.286393,0.115528,0.111597,0.030504,0.247200,0.621547,shipyard|fort
171,kept,123591,1200,907,6,620,0.755833,10.723333,41.602500,12.526667,0.535833,0.432500,0.219167,0.135833,0.351667,0.233333,0.168333,0.184167,1.300415,4.564697,0.612274,1.200205,0.013624,0.567358,0.286393,0.115528,0.111597,0.030504,0.247200,0.621547,shipyard|fort
172,kept,123591,1200,907,6,620,0.755833,10.723333,41.602500,12.526667,0.535833,0.432500,0.219167,0.135833,0.351667,0.233333,0.168333,0.184167,1.300415,4.564697,0.612274,1.200205,0.013624,0.567358,0.286393,0.115528,0.111597,0.030504,0.247200,0.621547,shipyard|fort
173,kept,123591,1200,907,6,620,0.755833,10.723333,41.602500,12.526667,0.535833,0.432500,0.219167,0.135833,0.351667,0.233333,0.168333,0.184167,1.300415,4.564697,0.612274,1.200205,0.013624,0.567358,0.286393,0.115528,0.111597,0.030504,0.247200,0.621547,shipyard|fort
174,kept,123591,1200,907,6,620,0.755833,10.723333,41.602500,12.526667,0.535833,0.432500,0.219167,0.135833,0.351667,0.233333,0.168333,0.184167,1.300415,4.564697,0.612274,1.200205,0.013624,0.567358,0.286393,0.115528,0.111597,0.030504,0.247200,0.621547,shipyard|fort
175,kept,123591,1200,907,6,620,0.755833,10.723333,41.602500,12.526667,0.535833,0.432500,0.219167,0.135833,0.351667,0.233333,0.168333,0.184167,1.300415,4.564697,0.612274,1.200205,0.013624,0.567358,0.286393,0.115528,0.111597,0.030504,0.247200,0.621547,shipyard|fort
176,kept,123591,1200,907,6,620,0.755833,10.723333,41.602500,12.526667,0.535833,0.432500,0.219167,0.135833,0.351667,0.233333,0.168333,0.184167,1.300415,4.564697,0.612274,1.200205,0.013624,0.567358,0.286393,0.115528,0.111597,0.030504,0.247200,0.621547,shipyard|fort
177,kept,123591,1200,907,6,620,0.755833,10.723333,41.602500,12.526667,0.535833,0.432500,0.219167,0.135833,0.351667,0.233333,0.168333,0.184167,1.300415,4.564697,0.612274,1.200205,0.013624,0.567358,0.286393,0.115528,0.111597,0.030504,0.247200,0.621547,shipyard|fort
178,kept,123591,1200,907,6,620,0.755833,10.723333,41.602500,12.526667,0.535833,0.432500,0.219167,0.135833,0.351667,0.233333,0.168333,0.184167,1.300415,4.564697,0.612274,1.200205,0.013624,0.567358,0.286393,0.115528,0.111597,0.030504,0.247200,0.621547,shipyard|fort
179,kept,123591,1200,907,6,620,0.755833,10.723333,41.602500,12.526667,0.535833,0.432500,0.219167,0.135833,0.351667,0.233333,0.168333,0.184167,1.300415,4.564697,0.612274,1.200205,0.013624,0.567358,0.286393,0.115528,0.111597,0.030504,0.247200,0.621547,shipyard|fort
180,kept,123591,1200,907,6,620,0.755833,10.723333,41.602500,12.526667,0.535833,0.432500,0.219167,0.135833,0.351667,0.233333,0.168333,0.184167,1.300415,4.564697,0.612274,1.200205,0.013624,0.567358,0.286393,0.115528,0.111597,0.030504,0.247200,0.621547,shipyard|fort
181,kept,123591,1200,907,6,620,0.755833,10.723333,41.602500,12.526667,0.535833,0.432500,0.219167,0.135833,0.351667,0.233333,0.168333,0.184167,1.300415,4.564697,0.612274,1.200205,0.013624,0.567358,0.286393,0.115528,0.111597,0.030504,0.247200,0.621547,shipyard|fort
182,kept,123591,1200,907,6,620,0.755833,10.723333,41.602500,12.526667,0.535833,0.432500,0.219167,0.135833,0.351667,0.233333,0.168333,0.184167,1.300415,4.564697,0.612274,1.200205,0.013624,0.567358,0.286393,0.115528,0.111597,0.030504,0.247200,0.621547,shipyard|fort
183,kept,123591,1200,907,6,620,0.755833,10.723333,41.602500,12.526667,0.535833,0.432500,0.219167,0.135833,0.351667,0.233333,0.168333,0.184167,1.300415,4.564697,0.612274,1.200205,0.013624,0.567358,0.286393,0.115528,0.111597,0.030504,0.247200,0.621547,shipyard|fort
184,kept,123591,1200,907,6,620,0.755833,10.723333,41.602500,12.526667,0.535833,0.432500,0.219167,0.135833,0.351667,0.233333,0.168333,0.184167,1.300415,4.564697,0.612274,1.200205,0.013624,0.567358,0.286393,0.115528,0.111597,0.030504,0.247200,0.621547,shipyard|fort
185,kept,123591,1200,907,6,620,0.755833,10.723333,41.602500,12.526667,0.535833,0.432500,0.219167,0.135833,0.351667,0.233333,0.168333,0.184167,1.300415,4.564697,0.612274,1.200205,0.013624,0.567358,0.286393,0.115528,0.111597,0.030504,0.247200,0.621547,shipyard|fort
186,kept,123591,1200,907,6,620,0.755833,10.723333,41.602500,12.526667,0.535833,0.432500,0.219167,0.135833,0.351667,0.233333,0.168333,0.184167,1.300415,4.564697,0.612274,1.200205,0.013624,0.567358,0.286393,0.115528,0.111597,0.030504,0.247200,0.621547,shipyard|fort
187,kept,123591,1200,907,6,620,0.755833,10.723333,41.602500,12.526667,0.535833,0.432500,0.219167,0.135833,0.351667,0.233333,0.168333,0.184167,1.300415,4.564697,0.612274,1.200205,0.013624,0.567358,0.286393,0.115528,0.111597,0.030504,0.247200,0.621547,shipyard|fort
188,kept,123591,1200,907,6,620,0.755833,10.723333,41.602500,12.526667,0.535833,0.432500,0.219167,0.135833,0.351667,0.233333,0.168333,0.184167,1.300415,4.564697,0.612274,1.200205,0.013624,0.567358,0.286393,0.115528,0.111597,0.030504,0.247200,0.621547,shipyard|fort
189,kept,123591,1200,907,6,620,0.755833,10.723333,41.602500,12.526667,0.535833,0.432500,0.219167,0.135833,0.351667,0.233333,0.168333,0.184167,1.300415,4.564697,0.612274,1.200205,0.013624,0.567358,0.286393,0.115528,0.111597,0.030504,0.247200,0.621547,shipyard|fort
190,kept,123591,1200,907,6,620,0.755833,10.723333,41.602500,12.526667,0.535833,0.432500,0.219167,0.135833,0.351667,0.233333,0.168333,0.184167,1.300415,4.564697,0.612274,1.200205,0.013624,0.567358,0.286393,0.115528,0.111597,0.030504,0.247200,0.621547,shipyard|fort
191,learned,130413,1200,945,2,614,0.787500,10.740000,42.399167,11.763333,0.520000,0.430833,0.350000,0.244167,0.327500,0.225833,0.127500,0.131667,1.244680,4.639501,0.597022,1.222922,0.010218,0.512644,0.229630,0.176193,0.101791,0.022878,0.185400,0.716160,shipyard|fort
192,kept,130413,1200,945,2,614,0.787500,10.740000,42.399167,11.763333,0.520000,0.430833,0.350000,0.244167,0.327500,0.225833,0.127500,0.131667,1.244680,4.639501,0.597022,1.222922,0.010218,0.512644,0.229630,0.176193,0.101791,0.022878,0.185400,0.716160,shipyard|fort
193,kept,130413,1200,945,2,614,0.787500,10.740000,42.399167,11.763333,0.520000,0.430833,0.350000,0.244167,0.327500,0.225833,0.127500,0.131667,1.244680,4.639501,0.597022,1.222922,0.010218,0.512644,0.229630,0.176193,0.101791,0.022878,0.185400,0.716160,shipyard|fort
194,kept,130413,1200,945,2,614,0.787500,10.740000,42.399167,11.763333,0.520000,0.430833,0.350000,0.244167,0.327500,0.225833,0.127500,0.131667,1.244680,4.639501,0.597022,1.222922,0.010218,0.512644,0.229630,0.176193,0.101791,0.022878,0.185400,0.716160,shipyard|fort
195,kept,130413,1200,945,2,614,0.787500,10.740000,42.399167,11.763333,0.520000,0.430833,0.350000,0.244167,0.327500,0.225833,0.127500,0.131667,1.244680,4.639501,0.597022,1.222922,0.010218,0.512644,0.229630,0.176193,0.101791,0.022878,0.185400,0.716160,shipyard|fort
196,kept,130413,1200,945,2,614,0.787500,10.740000,42.399167,11.763333,0.520000,0.430833,0.350000,0.244167,0.327500,0.225833,0.127500,0.131667,1.244680,4.639501,0.597022,1.222922,0.010218,0.512644,0.229630,0.176193,0.101791,0.022878,0.185400,0.716160,shipyard|fort
197,learned,130555,1200,941,0,594,0.784167,10.838333,43.375000,11.787500,0.408333,0.340000,0.396667,0.278333,0.526667,0.391667,0.115833,0.117500,1.148908,4.604001,0.485427,1.207250,0.007663,0.570739,0.172223,0.187077,0.190472,0.017158,0.145154,0.787120,fort
198,kept,130555,1200,941,0,594,0.784167,10.838333,43.375000,11.787500,0.408333,0.340000,0.396667,0.278333,0.526667,0.391667,0.115833,0.117500,1.148908,4.604001,0.485427,1.207250,0.007663,0.570739,0.172223,0.187077,0.190472,0.017158,0.145154,0.787120,fort
199,learned,133414,1200,944,7,635,0.786667,10.740000,44.070833,11.371667,0.444167,0.365000,0.315833,0.233333,0.485000,0.385000,0.125833,0.133333,1.167955,4.584014,0.629336,1.185001,0.005748,0.554185,0.197900,0.140308,0.160653,0.020904,0.108866,0.840340,fort
200,kept,133414,1200,944,7,635,0.786667,10.740000,44.070833,11.371667,0.444167,0.365000,0.315833,0.233333,0.485000,0.385000,0.125833,0.133333,1.167955,4.584014,0.629336,1.185001,0.005748,0.554185,0.197900,0.140308,0.160653,0.020904,0.108866,0.840340,fort
201,kept,133414,1200,944,7,635,0.786667,10.740000,44.070833,11.371667,0.444167,0.365000,0.315833,0.233333,0.485000,0.385000,0.125833,0.133333,1.167955,4.584014,0.629336,1.185001,0.005748,0.554185,0.197900,0.140308,0.160653,0.020904,0.108866,0.840340,fort
202,kept,133414,1200,944,7,635,0.786667,10.740000,44.070833,11.371667,0.444167,0.365000,0.315833,0.233333,0.485000,0.385000,0.125833,0.133333,1.167955,4.584014,0.629336,1.185001,0.005748,0.554185,0.197900,0.140308,0.160653,0.020904,0.108866,0.840340,fort
203,kept,133414,1200,944,7,635,0.786667,10.740000,44.070833,11.371667,0.444167,0.365000,0.315833,0.233333,0.485000,0.385000,0.125833,0.133333,1.167955,4.584014,0.629336,1.185001,0.005748,0.554185,0.197900,0.140308,0.160653,0.020904,0.108866,0.840340,fort
204,kept,133414,1200,944,7,635,0.786667,10.740000,44.070833,11.371667,0.444167,0.365000,0.315833,0.233333,0.485000,0.385000,0.125833,0.133333,1.167955,4.584014,0.629336,1.185001,0.005748,0.554185,0.197900,0.140308,0.160653,0.020904,0.108866,0.840340,fort
205,kept,133414,1200,944,7,635,0.786667,10.740000,44.070833,11.371667,0.444167,0.365000,0.315833,0.233333,0.485000,0.385000,0.125833,0.133333,1.167955,4.584014,0.629336,1.185001,0.005748,0.554185,0.197900,0.140308,0.160653,0.020904,0.108866,0.840340,fort
206,kept,133414,1200,944,7,635,0.786667,10.740000,44.070833,11.371667,0.444167,0.365000,0.315833,0.233333,0.485000,0.385000,0.125833,0.133333,1.167955,4.584014,0.629336,1.185001,0.005748,0.554185,0.197900,0.140308,0.160653,0.020904,0.108866,0.840340,fort
207,kept,133414,1200,944,7,635,0.786667,10.740000,44.070833,11.371667,0.444167,0.365000,0.315833,0.233333,0.485000,0.385000,0.125833,0.133333,1.167955,4.584014,0.629336,1.185001,0.005748,0.554185,0.197900,0.140308,0.160653,0.020904,0.108866,0.840340,fort
208,learned,134226,1200,953,1,655,0.794167,10.611667,43.095833,10.670000,0.459167,0.386667,0.305000,0.223333,0.365833,0.285000,0.210833,0.234167,1.107934,4.467731,0.715288,1.248665,0.004311,0.655916,0.215992,0.152317,0.120489,0.035820,0.081649,0.880255,fort
209,kept,134226,1200,953,1,655,0.794167,10.611667,43.095833,10.670000,0.459167,0.386667,0.305000,0.223333,0.365833,0.285000,0.210833,0.234167,1.107934,4.467731,0.715288,1.248665,0.004311,0.655916,0.215992,0.152317,0.120489,0.035820,0.081649,0.880255,fort
210,kept,134226,1200,953,1,655,0.794167,10.611667,43.095833,10.670000,0.459167,0.386667,0.305000,0.223333,0.365833,0.285000,0.210833,0.234167,1.107934,4.467731,0.715288,1.248665,0.004311,0.655916,0.215992,0.152317,0.120489,0.035820,0.081649,0.880255,fort
211,kept,134226,1200,953,1,655,0.794167,10.611667,43.095833,10.670000,0.459167,0.386667,0.305000,0.223333,0.365833,0.285000,0.210833,0.234167,1.107934,4.467731,0.715288,1.248665,0.004311,0.655916,0.215992,0.152317,0.120489,0.035820,0.081649,0.880255,fort
212,learned,134525,1200,961,6,687,0.800833,10.571667,41.514167,10.464167,0.455833,0.382500,0.257500,0.188333,0.280833,0.219167,0.140000,0.154167,1.175864,4.397914,0.592003,1.369017,0.003233,0.687869,0.229322,0.114238,0.090367,0.026865,0.121960,0.910191,fort
213,kept,134525,1200,961,6,687,0.800833,10.571667,41.514167,10.464167,0.455833,0.382500,0.257500,0.188333,0.280833,0.219167,0.140000,0.154167,1.175864,4.397914,0.592003,1.369017,0.003233,0.687869,0.229322,0.114238,0.090367,0.026865,0.121960,0.910191,fort
214,kept,134525,1200,961,6,687,0.800833,10.571667,41.514167,10.464167,0.455833,0.382500,0.257500,0.188333,0.280833,0.219167,0.140000,0.154167,1.175864,4.397914,0.592003,1.369017,0.003233,0.687869,0.229322,0.114238,0.090367,0.026865,0.121960,0.910191,fort
215,kept,134525,1200,961,6,687,0.800833,10.571667,41.514167,10.464167,0.455833,0.382500,0.257500,0.188333,0.280833,0.219167,0.140000,0.154167,1.175864,4.397914,0.592003,1.369017,0.003233,0.687869,0.229322,0.114238,0.090367,0.026865,0.121960,0.910191,fort
216,kept,134525,1200,961,6,687,0.800833,10.571667,41.514167,10.464167,0.455833,0.382500,0.257500,0.188333,0.280833,0.219167,0.140000,0.154167,1.175864,4.397914,0.592003,1.369017,0.003233,0.687869,0.229322,0.114238,0.090367,0.026865,0.121960,0.910191,fort
217,kept,134525,1200,961,6,687,0.800833,10.571667,41.514167,10.464167,0.455833,0.382500,0.257500,0.188333,0.280833,0.219167,0.140000,0.154167,1.175864,4.397914,0.592003,1.369017,0.003233,0.687869,0.229322,0.114238,0.090367,0.026865,0.121960,0.910191,fort
218,kept,134525,1200,961,6,687,0.800833,10.571667,41.514167,10.464167,0.455833,0.382500,0.257500,0.188333,0.280833,0.219167,0.140000,0.154167,1.175864,4.397914,0.592003,1.369017,0.003233,0.687869,0.229322,0.114238,0.090367,0.026865,0.121960,0.910191,fort
219,learned,142121,1200,992,5,713,0.826667,10.413333,42.915833,9.419167,0.440833,0.373333,0.345833,0.239167,0.257500,0.190000,0.113333,0.120833,1.029697,4.359530,0.446007,1.502574,0.002425,0.655623,0.207908,0.176797,0.082148,0.020149,0.098038,0.762096,fort
220,kept,142121,1200,992,5,713,0.826667,10.413333,42.915833,9.419167,0.440833,0.373333,0.345833,0.239167,0.257500,0.190000,0.113333,0.120833,1.029697,4.359530,0.446007,1.502574,0.002425,0.655623,0.207908,0.176797,0.082148,0.020149,0.098038,0.762096,fort
221,kept,142121,1200,992,5,713,0.826667,10.413333,42.915833,9.419167,0.440833,0.373333,0.345833,0.239167,0.257500,0.190000,0.113333,0.120833,1.029697,4.359530,0.446007,1.502574,0.002425,0.655623,0.207908,0.176797,0.082148,0.020149,0.098038,0.762096,fort
222,kept,142121,1200,992,5,713,0.826667,10.413333,42.915833,9.419167,0.440833,0.373333,0.345833,0.239167,0.257500,0.190000,0.113333,0.120833,1.029697,4.359530,0.446007,1.502574,0.002425,0.655623,0.207908,0.176797,0.082148,0.020149,0.098038,0.762096,fort
223,kept,142121,1200,992,5,713,0.826667,10.413333,42.915833,9.419167,0.440833,0.373333,0.345833,0.239167,0.257500,0.190000,0.113333,0.120833,1.029697,4.359530,0.446007,1.502574,0.002425,0.655623,0.207908,0.176797,0.082148,0.020149,0.098038,0.762096,fort
224,learned,145837,1200,999,3,723,0.832500,10.435000,44.324167,8.555833,0.569167,0.471667,0.354167,0.238333,0.208333,0.138333,0.079167,0.085000,0.914709,4.305761,0.372094,1.626738,0.001819,0.577773,0.274181,0.179542,0.061611,0.015112,0.073529,0.670294,fort
225,kept,145837,1200,999,3,723,0.832500,10.435000,44.324167,8.555833,0.569167,0.471667,0.354167,0.238333,0.208333,0.138333,0.079167,0.085000,0.914709,4.305761,0.372094,1.626738,0.001819,0.577773,0.274181,0.179542,0.061611,0.015112,0.073529,0.670294,fort
226,learned,157280,1200,1056,6,781,0.880000,10.143333,44.770000,7.015833,0.523333,0.430833,0.296667,0.177500,0.208333,0.136667,0.075833,0.077500,0.869700,4.455453,0.281670,1.770447,0.001364,0.560175,0.250490,0.134656,0.061450,0.011334,0.055147,0.614238,fort
227,kept,157280,1200,1056,6,781,0.880000,10.143333,44.770000,7.015833,0.523333,0.430833,0.296667,0.177500,0.208333,0.136667,0.075833,0.077500,0.869700,4.455453,0.281670,1.770447,0.001364,0.560175,0.250490,0.134656,0.061450,0.011334,0.055147,0.614238,fort
228,kept,157280,1200,1056,6,781,0.880000,10.143333,44.770000,7.015833,0.523333,0.430833,0.296667,0.177500,0.208333,0.136667,0.075833,0.077500,0.869700,4.455453,0.281670,1.770447,0.001364,0.560175,0.250490,0.134656,0.061450,0.011334,0.055147,0.614238,fort
229,kept,157280,1200,1056,6,781,0.880000,10.143333,44.770000,7.015833,0.523333,0.430833,0.296667,0.177500,0.208333,0.136667,0.075833,0.077500,0.869700,4.455453,0.281670,1.770447,0.001364,0.560175,0.250490,0.134656,0.061450,0.011334,0.055147,0.614238,fort
230,kept,157280,1200,1056,6,781,0.880000,10.143333,44.770000,7.015833,0.523333,0.430833,0.296667,0.177500,0.208333,0.136667,0.075833,0.077500,0.869700,4.455453,0.281670,1.770447,0.001364,0.560175,0.250490,0.134656,0.061450,0.011334,0.055147,0.614238,fort
231,kept,157280,1200,1056,6,781,0.880000,10.143333,44.770000,7.015833,0.523333,0.430833,0.296667,0.177500,0.208333,0.136667,0.075833,0.077500,0.869700,4.455453,0.281670,1.770447,0.001364,0.560175,0.250490,0.134656,0.061450,0.011334,0.055147,0.614238,fort
232,kept,157280,1200,1056,6,781,0.880000,10.143333,44.770000,7.015833,0.523333,0.430833,0.296667,0.177500,0.208333,0.136667,0.075833,0.077500,0.869700,4.455453,0.281670,1.770447,0.001364,0.560175,0.250490,0.134656,0.061450,0.011334,0.055147,0.614238,fort
233,kept,157280,1200,1056,6,781,0.880000,10.143333,44.770000,7.015833,0.523333,0.430833,0.296667,0.177500,0.208333,0.136667,0.075833,0.077500,0.869700,4.455453,0.281670,1.770447,0.001364,0.560175,0.250490,0.134656,0.061450,0.011334,0.055147,0.614238,fort
234,kept,157280,1200,1056,6,781,0.880000,10.143333,44.770000,7.015833,0.523333,0.430833,0.296667,0.177500,0.208333,0.136667,0.075833,0.077500,0.869700,4.455453,0.281670,1.770447,0.001364,0.560175,0.250490,0.134656,0.061450,0.011334,0.055147,0.614238,fort
235,kept,157280,1200,1056,6,781,0.880000,10.143333,44.770000,7.015833,0.523333,0.430833,0.296667,0.177500,0.208333,0.136667,0.075833,0.077500,0.869700,4.455453,0.281670,1.770447,0.001364,0.560175,0.250490,0.134656,0.061450,0.011334,0.055147,0.614238,fort
236,kept,157280,1200,1056,6,781,0.880000,10.143333,44.770000,7.015833,0.523333,0.430833,0.296667,0.177500,0.208333,0.136667,0.075833,0.077500,0.869700,4.455453,0.281670,1.770447,0.001364,0.560175,0.250490,0.134656,0.061450,0.011334,0.055147,0.614238,fort
237,kept,157280,1200,1056,6,781,0.880000,10.143333,44.770000,7.015833,0.523333,0.430833,0.296667,0.177500,0.208333,0.136667,0.075833,0.077500,0.869700,4.455453,0.281670,1.770447,0.001364,0.560175,0.250490,0.134656,0.061450,0.011334,0.055147,0.614238,fort
238,kept,157280,1200,1056,6,781,0.880000,10.143333,44.770000,7.015833,0.523333,0.430833,0.296667,0.177500,0.208333,0.136667,0.075833,0.077500,0.869700,4.455453,0.281670,1.770447,0.001364,0.560175,0.250490,0.134656,0.061450,0.011334,0.055147,0.614238,fort
239,kept,157280,1200,1056,6,781,0.880000,10.143333,44.770000,7.015833,0.523333,0.430833,0.296667,0.177500,0.208333,0.136667,0.075833,0.077500,0.869700,4.455453,0.281670,1.770447,0.001364,0.560175,0.250490,0.134656,0.061450,0.011334,0.055147,0.614238,fort
240,kept,157280,1200,1056,6,781,0.880000,10.143333,44.770000,7.015833,0.523333,0.430833,0.296667,0.177500,0.208333,0.136667,0.075833,0.077500,0.869700,4.455453,0.281670,1.770447,0.001364,0.560175,0.250490,0.134656,0.061450,0.011334,0.055147,0.614238,fort
241,kept,157280,1200,1056,6,781,0.880000,10.143333,44.770000,7.015833,0.523333,0.430833,0.296667,0.177500,0.208333,0.136667,0.075833,0.077500,0.869700,4.455453,0.281670,1.770447,0.001364,0.560175,0.250490,0.134656,0.061450,0.011334,0.055147,0.614238,fort
242,kept,157280,1200,1056,6,781,0.880000,10.143333,44.770000,7.015833,0.523333,0.430833,0.296667,0.177500,0.208333,0.136667,0.075833,0.077500,0.869700,4.455453,0.281670,1.770447,0.001364,0.560175,0.250490,0.134656,0.061450,0.011334,0.055147,0.614238,fort
243,kept,157280,1200,1056,6,781,0.880000,10.143333,44.770000,7.015833,0.523333,0.430833,0.296667,0.177500,0.208333,0.136667,0.075833,0.077500,0.869700,4.455453,0.281670,1.770447,0.001364,0.560175,0.250490,0.134656,0.061450,0.011334,0.055147,0.614238,fort
244,kept,157280,1200,1056,6,781,0.880000,10.143333,44.770000,7.015833,0.523333,0.430833,0.296667,0.177500,0.208333,0.136667,0.075833,0.077500,0.869700,4.455453,0.281670,1.770447,0.001364,0.560175,0.250490,0.134656,0.061450,0.011334,0.055147,0.614238,fort
245,kept,157280,1200,1056,6,781,0.880000,10.143333,44.770000,7.015833,0.523333,0.430833,0.296667,0.177500,0.208333,0.136667,0.075833,0.077500,0.869700,4.455453,0.281670,1.770447,0.001364,0.560175,0.250490,0.134656,0.061450,0.011334,0.055147,0.614238,fort
246,kept,157280,1200,1056,6,781,0.880000,10.143333,44.770000,7.015833,0.523333,0.430833,0.296667,0.177500,0.208333,0.136667,0.075833,0.077500,0.869700,4.455453,0.281670,1.770447,0.001364,0.560175,0.250490,0.134656,0.061450,0.011334,0.055147,0.614238,fort
247,learned,162580,1200,1077,3,778,0.897500,10.241667,46.090000,6.156667,0.520000,0.428333,0.406667,0.270833,0.239167,0.160833,0.045833,0.047500,0.737915,4.575349,0.211252,1.697354,0.001023,0.460389,0.227562,0.209071,0.078964,0.008500,0.041360,0.691925,
248,kept,162580,1200,1077,3,778,0.897500,10.241667,46.090000,6.156667,0.520000,0.428333,0.406667,0.270833,0.239167,0.160833,0.045833,0.047500,0.737915,4.575349,0.211252,1.697354,0.001023,0.460389,0.227562,0.209071,0.078964,0.008500,0.041360,0.691925,
249,kept,162580,1200,1077,3,778,0.897500,10.241667,46.090000,6.156667,0.520000,0.428333,0.406667,0.270833,0.239167,0.160833,0.045833,0.047500,0.737915,4.575349,0.211252,1.697354,0.001023,0.460389,0.227562,0.209071,0.078964,0.008500,0.041360,0.691925,
250,kept,162580,1200,1077,3,778,0.897500,10.241667,46.090000,6.156667,0.520000,0.428333,0.406667,0.270833,0.239167,0.160833,0.045833,0.047500,0.737915,4.575349,0.211252,1.697354,0.001023,0.460389,0.227562,0.209071,0.078964,0.008500,0.041360,0.691925,
